02/27/2022 Test 1,h=0.005,t=2 seconds
Time,Total Energy,q1,q2,q3,q4,q5,q6,q7,q1d,q2d,q3d,q4d,q5d,q6d,q7d
0.005000,61.900551,1.5708,-0.392699,0.785398,-0.523599,0.1,0.1,0.1,0.0785398,0.0785398,0.0785398,0.0785398,0.0785398,0.0785398,0.0785398,
0.010000,61.883151,1.57119,-0.392306,0.785791,-0.523207,0.100393,0.100393,0.100393,0.0786273,0.0785683,0.0783957,0.0783616,0.0785637,0.0786783,0.0786467,
0.015000,61.865747,1.57158,-0.391913,0.786182,-0.522815,0.100786,0.100787,0.100786,0.0787147,0.0785968,0.0782517,0.0781834,0.0785875,0.0788171,0.0787536,
0.020000,61.848337,1.57198,-0.39152,0.786573,-0.522425,0.101179,0.101181,0.101181,0.0788021,0.0786252,0.078108,0.0780051,0.078611,0.078956,0.0788605,
0.025000,61.830922,1.57237,-0.391127,0.786963,-0.522035,0.101572,0.101576,0.101575,0.0788895,0.0786535,0.0779646,0.0778267,0.0786344,0.0790951,0.0789675,
0.030000,61.813503,1.57277,-0.390734,0.787353,-0.521646,0.101965,0.101972,0.10197,0.0789767,0.0786819,0.0778214,0.0776483,0.0786576,0.0792344,0.0790745,
0.035000,61.796078,1.57316,-0.39034,0.787741,-0.521259,0.102358,0.102369,0.102366,0.0790639,0.0787102,0.0776784,0.0774699,0.0786806,0.0793738,0.0791816,
0.040000,61.778649,1.57356,-0.389947,0.788129,-0.520872,0.102752,0.102766,0.102762,0.0791511,0.0787385,0.0775356,0.0772914,0.0787034,0.0795135,0.0792887,
0.045000,61.761215,1.57395,-0.389553,0.788517,-0.520486,0.103145,0.103164,0.103159,0.0792382,0.0787667,0.0773931,0.0771128,0.078726,0.0796534,0.0793959,
0.050000,61.743776,1.57435,-0.389159,0.788903,-0.520101,0.103539,0.103562,0.103556,0.0793253,0.0787949,0.0772508,0.0769342,0.0787484,0.0797934,0.0795031,
0.055000,61.726332,1.57475,-0.388765,0.789289,-0.519716,0.103933,0.103962,0.103954,0.0794123,0.0788231,0.0771088,0.0767555,0.0787707,0.0799337,0.0796103,
0.060000,61.708883,1.57514,-0.388371,0.789674,-0.519333,0.104327,0.104362,0.104352,0.0794992,0.0788512,0.076967,0.0765768,0.0787928,0.0800741,0.0797177,
0.065000,61.691429,1.57554,-0.387976,0.790059,-0.518951,0.104721,0.104762,0.104751,0.0795861,0.0788793,0.0768254,0.0763981,0.0788146,0.0802148,0.079825,
0.070000,61.673971,1.57594,-0.387582,0.790443,-0.518569,0.105115,0.105164,0.10515,0.0796729,0.0789073,0.0766841,0.0762192,0.0788363,0.0803556,0.0799324,
0.075000,61.656507,1.57634,-0.387187,0.790826,-0.518188,0.105509,0.105566,0.10555,0.0797597,0.0789354,0.0765429,0.0760404,0.0788578,0.0804966,0.0800399,
0.080000,61.639039,1.57674,-0.386793,0.791208,-0.517809,0.105903,0.105969,0.105951,0.0798464,0.0789634,0.0764021,0.0758614,0.0788792,0.0806378,0.0801473,
0.085000,61.621566,1.57714,-0.386398,0.79159,-0.51743,0.106298,0.106372,0.106352,0.0799331,0.0789913,0.0762614,0.0756824,0.0789003,0.0807792,0.0802549,
0.090000,61.604089,1.57754,-0.386003,0.791971,-0.517052,0.106692,0.106777,0.106753,0.0800197,0.0790192,0.076121,0.0755034,0.0789213,0.0809208,0.0803625,
0.095000,61.586606,1.57794,-0.385608,0.792351,-0.516675,0.107087,0.107182,0.107155,0.0801063,0.0790471,0.0759808,0.0753243,0.078942,0.0810626,0.0804701,
0.100000,61.569119,1.57834,-0.385212,0.792731,-0.516299,0.107482,0.107587,0.107558,0.0801928,0.079075,0.0758408,0.0751452,0.0789626,0.0812046,0.0805778,
0.105000,61.551628,1.57874,-0.384817,0.793109,-0.515923,0.107877,0.107994,0.107961,0.0802792,0.0791028,0.0757011,0.074966,0.078983,0.0813468,0.0806855,
0.110000,61.534131,1.57914,-0.384421,0.793488,-0.515549,0.108272,0.108401,0.108365,0.0803656,0.0791306,0.0755616,0.0747867,0.0790033,0.0814891,0.0807933,
0.115000,61.516630,1.57954,-0.384026,0.793865,-0.515175,0.108667,0.108809,0.108769,0.080452,0.0791584,0.0754223,0.0746074,0.0790233,0.0816317,0.0809011,
0.120000,61.499124,1.57994,-0.38363,0.794242,-0.514803,0.109062,0.109217,0.109174,0.0805382,0.0791861,0.0752833,0.074428,0.0790432,0.0817744,0.081009,
0.125000,61.481614,1.58035,-0.383234,0.794618,-0.514431,0.109457,0.109626,0.109579,0.0806245,0.0792138,0.0751445,0.0742486,0.0790629,0.0819174,0.0811169,
0.130000,61.464099,1.58075,-0.382838,0.794993,-0.51406,0.109853,0.110036,0.109985,0.0807106,0.0792414,0.0750059,0.0740692,0.0790824,0.0820605,0.0812248,
0.135000,61.446579,1.58115,-0.382441,0.795368,-0.51369,0.110248,0.110447,0.110391,0.0807967,0.0792691,0.0748675,0.0738897,0.0791017,0.0822039,0.0813329,
0.140000,61.429055,1.58156,-0.382045,0.795742,-0.513321,0.110644,0.110858,0.110798,0.0808828,0.0792967,0.0747294,0.0737101,0.0791208,0.0823474,0.0814409,
0.145000,61.411526,1.58196,-0.381648,0.796115,-0.512953,0.111039,0.11127,0.111206,0.0809688,0.0793242,0.0745915,0.0735305,0.0791398,0.0824911,0.081549,
0.150000,61.393992,1.58237,-0.381252,0.796488,-0.512586,0.111435,0.111683,0.111614,0.0810548,0.0793518,0.0744538,0.0733508,0.0791586,0.082635,0.0816572,
0.155000,61.376454,1.58277,-0.380855,0.79686,-0.51222,0.111831,0.112097,0.112022,0.0811407,0.0793793,0.0743164,0.0731711,0.0791772,0.0827791,0.0817654,
0.160000,61.358912,1.58318,-0.380458,0.797231,-0.511854,0.112227,0.112511,0.112431,0.0812265,0.0794068,0.0741792,0.0729913,0.0791956,0.0829234,0.0818736,
0.165000,61.341365,1.58359,-0.380061,0.797602,-0.51149,0.112623,0.112926,0.112841,0.0813123,0.0794342,0.0740422,0.0728114,0.0792139,0.0830679,0.0819819,
0.170000,61.323813,1.58399,-0.379663,0.797971,-0.511126,0.113019,0.113342,0.113251,0.081398,0.0794616,0.0739054,0.0726316,0.079232,0.0832126,0.0820903,
0.175000,61.306257,1.5844,-0.379266,0.798341,-0.510764,0.113415,0.113758,0.113662,0.0814837,0.079489,0.0737688,0.0724516,0.0792499,0.0833575,0.0821987,
0.180000,61.288696,1.58481,-0.378869,0.798709,-0.510402,0.113811,0.114175,0.114073,0.0815693,0.0795164,0.0736325,0.0722716,0.0792676,0.0835025,0.0823071,
0.185000,61.271131,1.58521,-0.378471,0.799077,-0.510041,0.114208,0.114593,0.114485,0.0816549,0.0795437,0.0734964,0.0720916,0.0792851,0.0836478,0.0824156,
0.190000,61.253562,1.58562,-0.378073,0.799444,-0.509681,0.114604,0.115012,0.114897,0.0817404,0.079571,0.0733605,0.0719115,0.0793025,0.0837932,0.0825241,
0.195000,61.235988,1.58603,-0.377675,0.799811,-0.509322,0.115001,0.115431,0.11531,0.0818258,0.0795982,0.0732249,0.0717313,0.0793197,0.0839389,0.0826327,
0.200000,61.218410,1.58644,-0.377277,0.800176,-0.508964,0.115397,0.115851,0.115724,0.0819112,0.0796255,0.0730894,0.0715511,0.0793367,0.0840847,0.0827414,
0.205000,61.200827,1.58685,-0.376879,0.800541,-0.508606,0.115794,0.116272,0.116138,0.0819966,0.0796527,0.0729542,0.0713708,0.0793536,0.0842308,0.08285,
0.210000,61.183240,1.58726,-0.376481,0.800906,-0.50825,0.116191,0.116693,0.116552,0.0820819,0.0796799,0.0728192,0.0711905,0.0793702,0.084377,0.0829588,
0.215000,61.165648,1.58767,-0.376082,0.80127,-0.507894,0.116588,0.117116,0.116967,0.0821671,0.079707,0.0726845,0.0710101,0.0793867,0.0845234,0.0830676,
0.220000,61.148052,1.58808,-0.375684,0.801633,-0.50754,0.116985,0.117539,0.117383,0.0822523,0.0797341,0.0725499,0.0708297,0.079403,0.0846701,0.0831764,
0.225000,61.130452,1.58849,-0.375285,0.801995,-0.507186,0.117382,0.117962,0.117799,0.0823374,0.0797612,0.0724156,0.0706493,0.0794192,0.0848169,0.0832853,
0.230000,61.112848,1.58891,-0.374886,0.802357,-0.506833,0.117779,0.118387,0.118216,0.0824225,0.0797883,0.0722815,0.0704687,0.0794352,0.0849639,0.0833942,
0.235000,61.095239,1.58932,-0.374487,0.802718,-0.506481,0.118176,0.118812,0.118633,0.0825075,0.0798153,0.0721476,0.0702881,0.079451,0.0851111,0.0835032,
0.240000,61.077625,1.58973,-0.374088,0.803078,-0.50613,0.118574,0.119238,0.119051,0.0825924,0.0798424,0.072014,0.0701075,0.0794666,0.0852585,0.0836122,
0.245000,61.060008,1.59014,-0.373689,0.803438,-0.50578,0.118971,0.119665,0.119469,0.0826773,0.0798693,0.0718805,0.0699268,0.0794821,0.0854061,0.0837213,
0.250000,61.042386,1.59056,-0.373289,0.803797,-0.505431,0.119368,0.120092,0.119888,0.0827622,0.0798963,0.0717473,0.0697461,0.0794973,0.0855539,0.0838304,
0.255000,61.024760,1.59097,-0.37289,0.804156,-0.505083,0.119766,0.12052,0.120307,0.082847,0.0799232,0.0716143,0.0695653,0.0795125,0.0857018,0.0839396,
0.260000,61.007130,1.59139,-0.37249,0.804513,-0.504735,0.120164,0.120949,0.120727,0.0829317,0.0799501,0.0714815,0.0693844,0.0795274,0.08585,0.0840488,
0.265000,60.989495,1.5918,-0.37209,0.80487,-0.504389,0.120561,0.121379,0.121148,0.0830164,0.079977,0.0713489,0.0692035,0.0795422,0.0859984,0.0841581,
0.270000,60.971857,1.59222,-0.37169,0.805227,-0.504043,0.120959,0.121809,0.121569,0.083101,0.0800039,0.0712166,0.0690226,0.0795568,0.0861469,0.0842674,
0.275000,60.954214,1.59263,-0.37129,0.805583,-0.503699,0.121357,0.12224,0.121991,0.0831856,0.0800307,0.0710844,0.0688415,0.0795712,0.0862957,0.0843768,
0.280000,60.936566,1.59305,-0.37089,0.805938,-0.503355,0.121755,0.122672,0.122413,0.0832701,0.0800575,0.0709525,0.0686605,0.0795855,0.0864447,0.0844862,
0.285000,60.918915,1.59347,-0.370489,0.806292,-0.503012,0.122153,0.123105,0.122835,0.0833546,0.0800843,0.0708208,0.0684794,0.0795996,0.0865938,0.0845956,
0.290000,60.901260,1.59388,-0.370089,0.806646,-0.50267,0.122551,0.123538,0.123259,0.083439,0.080111,0.0706893,0.0682982,0.0796135,0.0867432,0.0847052,
0.295000,60.883600,1.5943,-0.369688,0.806999,-0.502329,0.122949,0.123972,0.123683,0.0835233,0.0801377,0.070558,0.068117,0.0796273,0.0868927,0.0848147,
0.300000,60.865936,1.59472,-0.369288,0.807351,-0.501989,0.123347,0.124407,0.124107,0.0836076,0.0801644,0.070427,0.0679357,0.0796408,0.0870424,0.0849244,
0.305000,60.848268,1.59514,-0.368887,0.807703,-0.50165,0.123745,0.124842,0.124532,0.0836919,0.0801911,0.0702961,0.0677544,0.0796543,0.0871924,0.085034,
0.310000,60.830596,1.59555,-0.368486,0.808054,-0.501312,0.124143,0.125279,0.124957,0.083776,0.0802177,0.0701655,0.067573,0.0796675,0.0873425,0.0851437,
0.315000,60.812920,1.59597,-0.368085,0.808405,-0.500974,0.124542,0.125716,0.125383,0.0838602,0.0802444,0.0700351,0.0673915,0.0796806,0.0874928,0.0852535,
0.320000,60.795240,1.59639,-0.367683,0.808755,-0.500638,0.12494,0.126154,0.12581,0.0839442,0.080271,0.0699049,0.06721,0.0796935,0.0876433,0.0853633,
0.325000,60.777555,1.59681,-0.367282,0.809104,-0.500302,0.125339,0.126592,0.126237,0.0840283,0.0802975,0.0697749,0.0670285,0.0797063,0.087794,0.0854732,
0.330000,60.759867,1.59723,-0.36688,0.809452,-0.499967,0.125737,0.127032,0.126664,0.0841122,0.0803241,0.0696451,0.0668469,0.0797189,0.087945,0.0855831,
0.335000,60.742175,1.59765,-0.366479,0.8098,-0.499634,0.126136,0.127472,0.127093,0.0841961,0.0803506,0.0695156,0.0666652,0.0797313,0.0880961,0.0856931,
0.340000,60.724478,1.59808,-0.366077,0.810148,-0.499301,0.126535,0.127913,0.127521,0.08428,0.0803771,0.0693862,0.0664835,0.0797436,0.0882474,0.0858031,
0.345000,60.706778,1.5985,-0.365675,0.810494,-0.498969,0.126933,0.128354,0.127951,0.0843638,0.0804036,0.0692571,0.0663017,0.0797557,0.0883989,0.0859132,
0.350000,60.689073,1.59892,-0.365273,0.81084,-0.498638,0.127332,0.128797,0.128381,0.0844475,0.0804301,0.0691282,0.0661199,0.0797676,0.0885505,0.0860233,
0.355000,60.671365,1.59934,-0.36487,0.811186,-0.498308,0.127731,0.12924,0.128811,0.0845312,0.0804565,0.0689994,0.065938,0.0797794,0.0887024,0.0861335,
0.360000,60.653652,1.59976,-0.364468,0.81153,-0.497978,0.12813,0.129684,0.129242,0.0846148,0.0804829,0.0688709,0.0657561,0.079791,0.0888545,0.0862437,
0.365000,60.635936,1.60019,-0.364066,0.811874,-0.49765,0.128529,0.130128,0.129673,0.0846984,0.0805093,0.0687426,0.0655741,0.0798024,0.0890068,0.086354,
0.370000,60.618215,1.60061,-0.363663,0.812218,-0.497323,0.128928,0.130574,0.130105,0.0847819,0.0805357,0.0686145,0.0653921,0.0798137,0.0891593,0.0864643,
0.375000,60.600491,1.60104,-0.36326,0.81256,-0.496996,0.129327,0.13102,0.130538,0.0848654,0.080562,0.0684867,0.06521,0.0798248,0.089312,0.0865747,
0.380000,60.582763,1.60146,-0.362857,0.812902,-0.49667,0.129726,0.131467,0.130971,0.0849488,0.0805883,0.068359,0.0650279,0.0798357,0.0894648,0.0866851,
0.385000,60.565031,1.60189,-0.362454,0.813244,-0.496346,0.130125,0.131914,0.131405,0.0850322,0.0806146,0.0682315,0.0648457,0.0798465,0.0896179,0.0867956,
0.390000,60.547295,1.60231,-0.362051,0.813585,-0.496022,0.130525,0.132363,0.131839,0.0851155,0.0806409,0.0681043,0.0646634,0.0798572,0.0897712,0.0869061,
0.395000,60.529555,1.60274,-0.361648,0.813925,-0.495699,0.130924,0.132812,0.132274,0.0851987,0.0806672,0.0679772,0.0644811,0.0798676,0.0899246,0.0870167,
0.400000,60.511811,1.60316,-0.361245,0.814265,-0.495377,0.131323,0.133262,0.132709,0.0852819,0.0806934,0.0678504,0.0642987,0.0798779,0.0900783,0.0871273,
0.405000,60.494063,1.60359,-0.360841,0.814604,-0.495056,0.131723,0.133713,0.133145,0.085365,0.0807196,0.0677238,0.0641163,0.0798881,0.0902322,0.087238,
0.410000,60.476311,1.60402,-0.360437,0.814942,-0.494736,0.132122,0.134165,0.133582,0.0854481,0.0807458,0.0675973,0.0639338,0.0798981,0.0903862,0.0873487,
0.415000,60.458556,1.60444,-0.360034,0.815279,-0.494417,0.132522,0.134617,0.134019,0.0855311,0.080772,0.0674711,0.0637513,0.0799079,0.0905405,0.0874595,
0.420000,60.440797,1.60487,-0.35963,0.815617,-0.494098,0.132921,0.13507,0.134456,0.0856141,0.0807981,0.0673451,0.0635687,0.0799176,0.0906949,0.0875703,
0.425000,60.423034,1.6053,-0.359226,0.815953,-0.493781,0.133321,0.135524,0.134894,0.085697,0.0808243,0.0672193,0.0633861,0.0799271,0.0908496,0.0876812,
0.430000,60.405267,1.60573,-0.358821,0.816289,-0.493465,0.133721,0.135978,0.135333,0.0857799,0.0808504,0.0670937,0.0632034,0.0799364,0.0910044,0.0877921,
0.435000,60.387496,1.60616,-0.358417,0.816624,-0.493149,0.13412,0.136434,0.135772,0.0858627,0.0808765,0.0669683,0.0630207,0.0799456,0.0911594,0.0879031,
0.440000,60.369722,1.60659,-0.358013,0.816958,-0.492834,0.13452,0.13689,0.136212,0.0859454,0.0809025,0.0668431,0.0628379,0.0799547,0.0913147,0.0880142,
0.445000,60.351944,1.60702,-0.357608,0.817292,-0.492521,0.13492,0.137347,0.136652,0.0860281,0.0809286,0.0667181,0.062655,0.0799636,0.0914701,0.0881252,
0.450000,60.334162,1.60745,-0.357203,0.817626,-0.492208,0.13532,0.137805,0.137093,0.0861107,0.0809546,0.0665933,0.0624721,0.0799723,0.0916258,0.0882364,
0.455000,60.316376,1.60788,-0.356799,0.817958,-0.491896,0.13572,0.138263,0.137535,0.0861933,0.0809806,0.0664688,0.0622891,0.0799808,0.0917816,0.0883476,
0.460000,60.298587,1.60831,-0.356394,0.81829,-0.491585,0.13612,0.138723,0.137977,0.0862759,0.0810066,0.0663444,0.0621061,0.0799893,0.0919376,0.0884588,
0.465000,60.280794,1.60874,-0.355988,0.818622,-0.491275,0.13652,0.139183,0.138419,0.0863583,0.0810326,0.0662202,0.061923,0.0799975,0.0920939,0.0885701,
0.470000,60.262997,1.60917,-0.355583,0.818952,-0.490966,0.13692,0.139643,0.138863,0.0864407,0.0810585,0.0660962,0.0617399,0.0800056,0.0922503,0.0886815,
0.475000,60.245196,1.60961,-0.355178,0.819283,-0.490658,0.13732,0.140105,0.139306,0.0865231,0.0810845,0.0659725,0.0615567,0.0800135,0.0924069,0.0887929,
0.480000,60.227392,1.61004,-0.354772,0.819612,-0.49035,0.13772,0.140568,0.13975,0.0866054,0.0811104,0.0658489,0.0613735,0.0800213,0.0925638,0.0889043,
0.485000,60.209584,1.61047,-0.354367,0.819941,-0.490044,0.13812,0.141031,0.140195,0.0866877,0.0811363,0.0657255,0.0611902,0.080029,0.0927208,0.0890158,
0.490000,60.191773,1.6109,-0.353961,0.820269,-0.489738,0.13852,0.141495,0.140641,0.0867699,0.0811622,0.0656023,0.0610068,0.0800365,0.092878,0.0891274,
0.495000,60.173957,1.61134,-0.353555,0.820597,-0.489434,0.13892,0.14196,0.141087,0.086852,0.081188,0.0654794,0.0608234,0.0800438,0.0930354,0.089239,
0.500000,60.156139,1.61177,-0.353149,0.820924,-0.48913,0.13932,0.142425,0.141533,0.0869341,0.0812139,0.0653566,0.06064,0.080051,0.0931931,0.0893506,
0.505000,60.138316,1.61221,-0.352743,0.821251,-0.488827,0.139721,0.142891,0.14198,0.0870161,0.0812397,0.065234,0.0604564,0.080058,0.0933509,0.0894623,
0.510000,60.120490,1.61264,-0.352337,0.821577,-0.488525,0.140121,0.143359,0.142428,0.0870981,0.0812655,0.0651116,0.0602729,0.0800648,0.0935089,0.0895741,
0.515000,60.102661,1.61308,-0.35193,0.821902,-0.488225,0.140521,0.143827,0.142876,0.08718,0.0812913,0.0649895,0.0600892,0.0800716,0.0936671,0.0896859,
0.520000,60.084827,1.61352,-0.351524,0.822226,-0.487925,0.140922,0.144295,0.143324,0.0872619,0.0813171,0.0648675,0.0599055,0.0800781,0.0938256,0.0897978,
0.525000,60.066991,1.61395,-0.351117,0.822551,-0.487626,0.141322,0.144765,0.143774,0.0873437,0.0813429,0.0647457,0.0597218,0.0800845,0.0939842,0.0899097,
0.530000,60.049150,1.61439,-0.35071,0.822874,-0.487327,0.141723,0.145235,0.144224,0.0874254,0.0813686,0.0646241,0.059538,0.0800908,0.094143,0.0900216,
0.535000,60.031306,1.61483,-0.350304,0.823197,-0.48703,0.142123,0.145706,0.144674,0.0875072,0.0813943,0.0645027,0.0593542,0.0800969,0.094302,0.0901337,
0.540000,60.013459,1.61526,-0.349896,0.823519,-0.486734,0.142523,0.146178,0.145125,0.0875888,0.08142,0.0643815,0.0591702,0.0801029,0.0944613,0.0902457,
0.545000,59.995608,1.6157,-0.349489,0.823841,-0.486438,0.142924,0.146651,0.145576,0.0876704,0.0814457,0.0642606,0.0589863,0.0801087,0.0946207,0.0903579,
0.550000,59.977754,1.61614,-0.349082,0.824162,-0.486144,0.143325,0.147124,0.146029,0.0877519,0.0814714,0.0641398,0.0588023,0.0801143,0.0947803,0.09047,
0.555000,59.959896,1.61658,-0.348675,0.824482,-0.48585,0.143725,0.147599,0.146481,0.0878334,0.0814971,0.0640192,0.0586182,0.0801198,0.0949401,0.0905823,
0.560000,59.942034,1.61702,-0.348267,0.824802,-0.485558,0.144126,0.148074,0.146934,0.0879148,0.0815227,0.0638987,0.058434,0.0801252,0.0951002,0.0906946,
0.565000,59.924169,1.61746,-0.347859,0.825121,-0.485266,0.144526,0.14855,0.147388,0.0879962,0.0815484,0.0637785,0.0582499,0.0801304,0.0952604,0.0908069,
0.570000,59.906301,1.6179,-0.347452,0.82544,-0.484975,0.144927,0.149026,0.147842,0.0880775,0.081574,0.0636585,0.0580656,0.0801355,0.0954208,0.0909193,
0.575000,59.888429,1.61834,-0.347044,0.825758,-0.484685,0.145328,0.149504,0.148297,0.0881588,0.0815996,0.0635387,0.0578813,0.0801404,0.0955814,0.0910317,
0.580000,59.870554,1.61878,-0.346636,0.826075,-0.484396,0.145728,0.149982,0.148753,0.08824,0.0816252,0.0634191,0.0576969,0.0801452,0.0957423,0.0911442,
0.585000,59.852675,1.61922,-0.346227,0.826392,-0.484108,0.146129,0.150461,0.149209,0.0883211,0.0816507,0.0632996,0.0575125,0.0801498,0.0959033,0.0912567,
0.590000,59.834793,1.61966,-0.345819,0.826708,-0.483821,0.14653,0.150941,0.149665,0.0884022,0.0816763,0.0631804,0.0573281,0.0801543,0.0960645,0.0913693,
0.595000,59.816907,1.62011,-0.345411,0.827024,-0.483535,0.146931,0.151422,0.150122,0.0884833,0.0817018,0.0630613,0.0571435,0.0801586,0.096226,0.091482,
0.600000,59.799018,1.62055,-0.345002,0.827339,-0.48325,0.147332,0.151903,0.15058,0.0885643,0.0817274,0.0629424,0.0569589,0.0801628,0.0963876,0.0915947,
0.605000,59.781126,1.62099,-0.344593,0.827653,-0.482966,0.147732,0.152386,0.151038,0.0886452,0.0817529,0.0628238,0.0567743,0.0801668,0.0965494,0.0917074,
0.610000,59.763230,1.62143,-0.344185,0.827967,-0.482682,0.148133,0.152869,0.151497,0.0887261,0.0817784,0.0627053,0.0565896,0.0801707,0.0967115,0.0918202,
0.615000,59.745331,1.62188,-0.343776,0.82828,-0.4824,0.148534,0.153353,0.151957,0.0888069,0.0818039,0.062587,0.0564048,0.0801745,0.0968737,0.0919331,
0.620000,59.727429,1.62232,-0.343366,0.828593,-0.482118,0.148935,0.153838,0.152417,0.0888877,0.0818294,0.0624689,0.05622,0.0801781,0.0970362,0.092046,
0.625000,59.709523,1.62277,-0.342957,0.828905,-0.481837,0.149336,0.154323,0.152877,0.0889684,0.0818548,0.062351,0.0560352,0.0801815,0.0971988,0.092159,
0.630000,59.691614,1.62321,-0.342548,0.829216,-0.481558,0.149737,0.15481,0.153338,0.089049,0.0818803,0.0622333,0.0558502,0.0801849,0.0973616,0.092272,
0.635000,59.673701,1.62366,-0.342138,0.829527,-0.481279,0.150138,0.155297,0.1538,0.0891296,0.0819057,0.0621157,0.0556652,0.080188,0.0975247,0.0923851,
0.640000,59.655786,1.6241,-0.341729,0.829837,-0.481001,0.150539,0.155785,0.154262,0.0892102,0.0819311,0.0619984,0.0554802,0.0801911,0.0976879,0.0924982,
0.645000,59.637867,1.62455,-0.341319,0.830147,-0.480724,0.15094,0.156274,0.154725,0.0892907,0.0819565,0.0618812,0.0552951,0.080194,0.0978514,0.0926114,
0.650000,59.619944,1.625,-0.340909,0.830456,-0.480448,0.151341,0.156763,0.155188,0.0893711,0.0819819,0.0617643,0.0551099,0.0801967,0.0980151,0.0927246,
0.655000,59.602019,1.62544,-0.340499,0.830765,-0.480173,0.151742,0.157254,0.155652,0.0894515,0.0820073,0.0616475,0.0549247,0.0801993,0.0981789,0.0928379,
0.660000,59.584090,1.62589,-0.340089,0.831073,-0.479899,0.152143,0.157745,0.156116,0.0895318,0.0820327,0.0615309,0.0547394,0.0802018,0.098343,0.0929512,
0.665000,59.566157,1.62634,-0.339679,0.83138,-0.479626,0.152544,0.158237,0.156581,0.0896121,0.082058,0.0614145,0.0545541,0.0802041,0.0985073,0.0930646,
0.670000,59.548222,1.62679,-0.339269,0.831687,-0.479353,0.152945,0.15873,0.157047,0.0896923,0.0820834,0.0612983,0.0543687,0.0802063,0.0986717,0.093178,
0.675000,59.530283,1.62724,-0.338858,0.831993,-0.479082,0.153346,0.159224,0.157513,0.0897725,0.0821087,0.0611822,0.0541833,0.0802083,0.0988364,0.0932915,
0.680000,59.512341,1.62769,-0.338448,0.832299,-0.478812,0.153747,0.159719,0.15798,0.0898526,0.082134,0.0610664,0.0539978,0.0802102,0.0990013,0.0934051,
0.685000,59.494396,1.62813,-0.338037,0.832604,-0.478542,0.154148,0.160214,0.158447,0.0899326,0.0821594,0.0609507,0.0538122,0.080212,0.0991664,0.0935187,
0.690000,59.476448,1.62858,-0.337626,0.832908,-0.478273,0.154549,0.16071,0.158915,0.0900126,0.0821847,0.0608353,0.0536266,0.0802136,0.0993316,0.0936323,
0.695000,59.458497,1.62903,-0.337215,0.833212,-0.478006,0.15495,0.161207,0.159384,0.0900926,0.08221,0.06072,0.0534409,0.0802151,0.0994971,0.093746,
0.700000,59.440542,1.62949,-0.336804,0.833515,-0.477739,0.155351,0.161705,0.159853,0.0901725,0.0822352,0.0606049,0.0532552,0.0802164,0.0996628,0.0938598,
0.705000,59.422584,1.62994,-0.336393,0.833818,-0.477473,0.155752,0.162204,0.160322,0.0902523,0.0822605,0.0604899,0.0530694,0.0802176,0.0998287,0.0939736,
0.710000,59.404623,1.63039,-0.335981,0.83412,-0.477208,0.156153,0.162704,0.160792,0.0903321,0.0822858,0.0603752,0.0528835,0.0802187,0.0999948,0.0940875,
0.715000,59.386659,1.63084,-0.33557,0.834422,-0.476944,0.156554,0.163204,0.161263,0.0904118,0.082311,0.0602606,0.0526976,0.0802196,0.100161,0.0942014,
0.720000,59.368691,1.63129,-0.335158,0.834723,-0.476681,0.156955,0.163705,0.161734,0.0904915,0.0823363,0.0601463,0.0525116,0.0802204,0.100328,0.0943153,
0.725000,59.350721,1.63174,-0.334746,0.835023,-0.476419,0.157356,0.164207,0.162206,0.0905711,0.0823615,0.0600321,0.0523256,0.0802211,0.100494,0.0944294,
0.730000,59.332747,1.6322,-0.334335,0.835323,-0.476158,0.157758,0.16471,0.162679,0.0906507,0.0823867,0.059918,0.0521395,0.0802216,0.100661,0.0945434,
0.735000,59.314771,1.63265,-0.333923,0.835622,-0.475898,0.158159,0.165214,0.163152,0.0907302,0.0824119,0.0598042,0.0519534,0.080222,0.100828,0.0946576,
0.740000,59.296791,1.63311,-0.33351,0.835921,-0.475639,0.15856,0.165718,0.163625,0.0908096,0.0824371,0.0596906,0.0517672,0.0802222,0.100996,0.0947718,
0.745000,59.278808,1.63356,-0.333098,0.836219,-0.47538,0.158961,0.166224,0.164099,0.090889,0.0824623,0.0595771,0.0515809,0.0802223,0.101163,0.094886,
0.750000,59.260822,1.63401,-0.332686,0.836517,-0.475123,0.159362,0.16673,0.164574,0.0909684,0.0824875,0.0594638,0.0513946,0.0802223,0.101331,0.0950003,
0.755000,59.242833,1.63447,-0.332273,0.836814,-0.474866,0.159763,0.167237,0.165049,0.0910477,0.0825126,0.0593507,0.0512082,0.0802222,0.101499,0.0951146,
0.760000,59.224841,1.63492,-0.331861,0.83711,-0.474611,0.160164,0.167745,0.165525,0.0911269,0.0825378,0.0592378,0.0510218,0.0802219,0.101667,0.095229,
0.765000,59.206846,1.63538,-0.331448,0.837406,-0.474356,0.160565,0.168254,0.166002,0.0912061,0.082563,0.059125,0.0508353,0.0802214,0.101836,0.0953435,
0.770000,59.188848,1.63584,-0.331035,0.837702,-0.474102,0.160966,0.168763,0.166479,0.0912852,0.0825881,0.0590124,0.0506487,0.0802209,0.102004,0.095458,
0.775000,59.170846,1.63629,-0.330622,0.837996,-0.47385,0.161368,0.169274,0.166956,0.0913643,0.0826132,0.0589,0.0504621,0.0802202,0.102173,0.0955725,
0.780000,59.152842,1.63675,-0.330209,0.838291,-0.473598,0.161769,0.169785,0.167434,0.0914433,0.0826384,0.0587878,0.0502754,0.0802194,0.102342,0.0956871,
0.785000,59.134835,1.63721,-0.329796,0.838584,-0.473347,0.16217,0.170297,0.167913,0.0915223,0.0826635,0.0586758,0.0500887,0.0802184,0.102511,0.0958018,
0.790000,59.116825,1.63767,-0.329382,0.838877,-0.473097,0.162571,0.17081,0.168392,0.0916012,0.0826886,0.0585639,0.0499019,0.0802173,0.10268,0.0959165,
0.795000,59.098811,1.63812,-0.328969,0.83917,-0.472848,0.162972,0.171324,0.168872,0.0916801,0.0827137,0.0584522,0.049715,0.0802161,0.10285,0.0960313,
0.800000,59.080795,1.63858,-0.328555,0.839462,-0.4726,0.163373,0.171839,0.169353,0.0917589,0.0827388,0.0583407,0.0495281,0.0802147,0.10302,0.0961461,
0.805000,59.062776,1.63904,-0.328141,0.839753,-0.472352,0.163774,0.172354,0.169834,0.0918376,0.0827639,0.0582294,0.0493411,0.0802133,0.10319,0.096261,
0.810000,59.044754,1.6395,-0.327728,0.840044,-0.472106,0.164175,0.172871,0.170315,0.0919163,0.082789,0.0581182,0.0491541,0.0802116,0.10336,0.0963759,
0.815000,59.026729,1.63996,-0.327314,0.840335,-0.471861,0.164576,0.173388,0.170798,0.0919949,0.082814,0.0580072,0.048967,0.0802099,0.103531,0.0964909,
0.820000,59.008700,1.64042,-0.326899,0.840624,-0.471617,0.164977,0.173906,0.17128,0.0920735,0.0828391,0.0578964,0.0487798,0.080208,0.103701,0.0966059,
0.825000,58.990669,1.64088,-0.326485,0.840914,-0.471373,0.165378,0.174425,0.171764,0.092152,0.0828642,0.0577858,0.0485926,0.080206,0.103872,0.096721,
0.830000,58.972635,1.64134,-0.326071,0.841202,-0.471131,0.165779,0.174945,0.172247,0.0922305,0.0828892,0.0576753,0.0484053,0.0802039,0.104043,0.0968362,
0.835000,58.954599,1.6418,-0.325656,0.84149,-0.470889,0.16618,0.175465,0.172732,0.0923089,0.0829143,0.0575651,0.048218,0.0802016,0.104214,0.0969514,
0.840000,58.936559,1.64227,-0.325242,0.841778,-0.470648,0.166581,0.175987,0.173217,0.0923873,0.0829393,0.0574549,0.0480306,0.0801992,0.104386,0.0970666,
0.845000,58.918516,1.64273,-0.324827,0.842065,-0.470409,0.166982,0.176509,0.173703,0.0924656,0.0829643,0.057345,0.0478431,0.0801967,0.104557,0.0971819,
0.850000,58.900471,1.64319,-0.324412,0.842351,-0.47017,0.167383,0.177032,0.174189,0.0925439,0.0829894,0.0572352,0.0476556,0.0801941,0.104729,0.0972973,
0.855000,58.882422,1.64365,-0.323997,0.842637,-0.469932,0.167784,0.177556,0.174676,0.0926221,0.0830144,0.0571256,0.047468,0.0801913,0.104901,0.0974127,
0.860000,58.864371,1.64412,-0.323582,0.842923,-0.469695,0.168185,0.178081,0.175163,0.0927002,0.0830394,0.0570162,0.0472803,0.0801884,0.105074,0.0975282,
0.865000,58.846317,1.64458,-0.323167,0.843207,-0.469459,0.168586,0.178607,0.175651,0.0927783,0.0830644,0.056907,0.0470926,0.0801854,0.105246,0.0976437,
0.870000,58.828260,1.64504,-0.322751,0.843492,-0.469224,0.168987,0.179134,0.176139,0.0928564,0.0830894,0.0567979,0.0469049,0.0801822,0.105419,0.0977592,
0.875000,58.810200,1.64551,-0.322336,0.843775,-0.46899,0.169388,0.179661,0.176628,0.0929344,0.0831144,0.056689,0.046717,0.0801789,0.105592,0.0978749,
0.880000,58.792137,1.64597,-0.32192,0.844059,-0.468757,0.169789,0.18019,0.177118,0.0930123,0.0831394,0.0565802,0.0465291,0.0801755,0.105765,0.0979906,
0.885000,58.774072,1.64644,-0.321504,0.844341,-0.468525,0.17019,0.180719,0.177608,0.0930902,0.0831644,0.0564717,0.0463412,0.080172,0.105938,0.0981063,
0.890000,58.756003,1.6469,-0.321088,0.844623,-0.468294,0.170591,0.181249,0.178099,0.093168,0.0831894,0.0563633,0.0461532,0.0801683,0.106112,0.0982221,
0.895000,58.737932,1.64737,-0.320672,0.844905,-0.468064,0.170991,0.18178,0.178591,0.0932458,0.0832144,0.056255,0.0459651,0.0801645,0.106286,0.0983379,
0.900000,58.719858,1.64784,-0.320256,0.845186,-0.467834,0.171392,0.182312,0.179083,0.0933235,0.0832393,0.056147,0.045777,0.0801606,0.10646,0.0984538,
0.905000,58.701782,1.6483,-0.31984,0.845466,-0.467606,0.171793,0.182845,0.179575,0.0934012,0.0832643,0.0560391,0.0455888,0.0801566,0.106634,0.0985698,
0.910000,58.683702,1.64877,-0.319424,0.845746,-0.467378,0.172194,0.183378,0.180068,0.0934788,0.0832893,0.0559313,0.0454005,0.0801525,0.106808,0.0986858,
0.915000,58.665620,1.64924,-0.319007,0.846026,-0.467152,0.172595,0.183913,0.180562,0.0935563,0.0833142,0.0558238,0.0452122,0.0801482,0.106983,0.0988018,
0.920000,58.647535,1.64971,-0.31859,0.846304,-0.466926,0.172995,0.184448,0.181056,0.0936338,0.0833392,0.0557164,0.0450238,0.0801438,0.107158,0.0989179,
0.925000,58.629447,1.65017,-0.318174,0.846583,-0.466702,0.173396,0.184984,0.181551,0.0937113,0.0833641,0.0556092,0.0448353,0.0801393,0.107333,0.0990341,
0.930000,58.611357,1.65064,-0.317757,0.84686,-0.466478,0.173797,0.185522,0.182047,0.0937887,0.0833891,0.0555021,0.0446468,0.0801346,0.107508,0.0991503,
0.935000,58.593263,1.65111,-0.31734,0.847138,-0.466255,0.174197,0.18606,0.182543,0.093866,0.083414,0.0553952,0.0444583,0.0801299,0.107684,0.0992666,
0.940000,58.575167,1.65158,-0.316923,0.847414,-0.466033,0.174598,0.186598,0.183039,0.0939433,0.083439,0.0552885,0.0442696,0.080125,0.107859,0.0993829,
0.945000,58.557069,1.65205,-0.316505,0.847691,-0.465812,0.174999,0.187138,0.183537,0.0940205,0.0834639,0.0551819,0.0440809,0.08012,0.108035,0.0994993,
0.950000,58.538967,1.65252,-0.316088,0.847966,-0.465592,0.175399,0.187679,0.184034,0.0940977,0.0834889,0.0550755,0.0438922,0.0801148,0.108211,0.0996157,
0.955000,58.520863,1.65299,-0.315671,0.848241,-0.465373,0.1758,0.18822,0.184533,0.0941749,0.0835138,0.0549693,0.0437033,0.0801096,0.108388,0.0997322,
0.960000,58.502756,1.65346,-0.315253,0.848516,-0.465155,0.1762,0.188763,0.185032,0.0942519,0.0835387,0.0548632,0.0435144,0.0801042,0.108564,0.0998487,
0.965000,58.484647,1.65394,-0.314835,0.84879,-0.464938,0.176601,0.189306,0.185531,0.0943289,0.0835637,0.0547573,0.0433255,0.0800987,0.108741,0.0999653,
0.970000,58.466535,1.65441,-0.314417,0.849064,-0.464722,0.177001,0.18985,0.186031,0.0944059,0.0835886,0.0546516,0.0431365,0.0800931,0.108918,0.100082,
0.975000,58.448420,1.65488,-0.313999,0.849337,-0.464507,0.177402,0.190395,0.186532,0.0944828,0.0836135,0.054546,0.0429474,0.0800874,0.109095,0.100199,
0.980000,58.430303,1.65535,-0.313581,0.849609,-0.464293,0.177802,0.190941,0.187033,0.0945597,0.0836384,0.0544406,0.0427583,0.0800816,0.109272,0.100315,
0.985000,58.412183,1.65583,-0.313163,0.849881,-0.464079,0.178202,0.191488,0.187535,0.0946365,0.0836633,0.0543353,0.042569,0.0800756,0.10945,0.100432,
0.990000,58.394060,1.6563,-0.312744,0.850152,-0.463867,0.178603,0.192035,0.188038,0.0947132,0.0836883,0.0542302,0.0423798,0.0800695,0.109628,0.100549,
0.995000,58.375934,1.65677,-0.312326,0.850423,-0.463656,0.179003,0.192584,0.188541,0.0947899,0.0837132,0.0541253,0.0421904,0.0800633,0.109806,0.100666,
1.000000,58.357806,1.65725,-0.311907,0.850694,-0.463445,0.179403,0.193134,0.189044,0.0948666,0.0837381,0.0540205,0.042001,0.080057,0.109984,0.100783,
1.005000,58.339676,1.65772,-0.311489,0.850963,-0.463236,0.179804,0.193684,0.189548,0.0949432,0.083763,0.0539159,0.0418116,0.0800506,0.110162,0.1009,
1.010000,58.321543,1.6582,-0.31107,0.851233,-0.463027,0.180204,0.194235,0.190053,0.0950197,0.0837879,0.0538115,0.0416221,0.080044,0.110341,0.101017,
1.015000,58.303407,1.65867,-0.310651,0.851502,-0.462819,0.180604,0.194787,0.190559,0.0950962,0.0838128,0.0537072,0.0414325,0.0800374,0.11052,0.101134,
1.020000,58.285269,1.65915,-0.310232,0.85177,-0.462613,0.181004,0.19534,0.191065,0.0951726,0.0838377,0.0536031,0.0412428,0.0800306,0.110699,0.101251,
1.025000,58.267128,1.65962,-0.309812,0.852038,-0.462407,0.181405,0.195894,0.191571,0.095249,0.0838626,0.0534991,0.0410531,0.0800237,0.110878,0.101369,
1.030000,58.248984,1.6601,-0.309393,0.852305,-0.462202,0.181805,0.196449,0.192078,0.0953253,0.0838875,0.0533953,0.0408633,0.0800167,0.111058,0.101486,
1.035000,58.230838,1.66058,-0.308973,0.852572,-0.461998,0.182205,0.197005,0.192586,0.0954016,0.0839124,0.0532916,0.0406735,0.0800095,0.111237,0.101603,
1.040000,58.212689,1.66105,-0.308554,0.852838,-0.461795,0.182605,0.197561,0.193094,0.0954778,0.0839373,0.0531881,0.0404835,0.0800023,0.111417,0.101721,
1.045000,58.194538,1.66153,-0.308134,0.853103,-0.461593,0.183005,0.198119,0.193603,0.095554,0.0839622,0.0530848,0.0402936,0.079995,0.111598,0.101838,
1.050000,58.176384,1.66201,-0.307714,0.853369,-0.461392,0.183405,0.198677,0.194113,0.0956301,0.0839872,0.0529816,0.0401035,0.0799875,0.111778,0.101956,
1.055000,58.158228,1.66249,-0.307294,0.853633,-0.461192,0.183805,0.199237,0.194623,0.0957061,0.0840121,0.0528786,0.0399134,0.0799799,0.111959,0.102073,
1.060000,58.140069,1.66297,-0.306874,0.853897,-0.460993,0.184204,0.199797,0.195133,0.0957821,0.084037,0.0527757,0.0397232,0.0799722,0.112139,0.102191,
1.065000,58.121908,1.66344,-0.306454,0.854161,-0.460795,0.184604,0.200358,0.195645,0.0958581,0.0840619,0.052673,0.039533,0.0799644,0.11232,0.102308,
1.070000,58.103744,1.66392,-0.306033,0.854424,-0.460598,0.185004,0.20092,0.196156,0.095934,0.0840868,0.0525705,0.0393427,0.0799565,0.112502,0.102426,
1.075000,58.085578,1.6644,-0.305613,0.854687,-0.460402,0.185404,0.201483,0.196669,0.0960098,0.0841117,0.0524681,0.0391523,0.0799485,0.112683,0.102544,
1.080000,58.067409,1.66488,-0.305192,0.854949,-0.460206,0.185804,0.202047,0.197182,0.0960856,0.0841366,0.0523658,0.0389619,0.0799403,0.112865,0.102662,
1.085000,58.049238,1.66537,-0.304772,0.85521,-0.460012,0.186203,0.202612,0.197696,0.0961613,0.0841615,0.0522637,0.0387714,0.0799321,0.113047,0.10278,
1.090000,58.031064,1.66585,-0.304351,0.855471,-0.459819,0.186603,0.203178,0.19821,0.096237,0.0841864,0.0521618,0.0385808,0.0799237,0.113229,0.102898,
1.095000,58.012888,1.66633,-0.30393,0.855732,-0.459626,0.187002,0.203744,0.198725,0.0963126,0.0842113,0.05206,0.0383902,0.0799152,0.113411,0.103015,
1.100000,57.994709,1.66681,-0.303509,0.855992,-0.459435,0.187402,0.204312,0.19924,0.0963882,0.0842362,0.0519584,0.0381995,0.0799066,0.113594,0.103134,
1.105000,57.976528,1.66729,-0.303087,0.856252,-0.459244,0.187802,0.20488,0.199756,0.0964637,0.0842611,0.0518569,0.0380087,0.0798979,0.113776,0.103252,
1.110000,57.958345,1.66777,-0.302666,0.856511,-0.459055,0.188201,0.205449,0.200272,0.0965392,0.084286,0.0517556,0.0378179,0.0798891,0.113959,0.10337,
1.115000,57.940159,1.66826,-0.302245,0.856769,-0.458866,0.1886,0.20602,0.20079,0.0966146,0.0843109,0.0516544,0.0376269,0.0798802,0.114142,0.103488,
1.120000,57.921970,1.66874,-0.301823,0.857027,-0.458678,0.189,0.206591,0.201307,0.09669,0.0843358,0.0515534,0.037436,0.0798712,0.114326,0.103606,
1.125000,57.903780,1.66922,-0.301401,0.857285,-0.458492,0.189399,0.207163,0.201826,0.0967653,0.0843608,0.0514526,0.0372449,0.0798621,0.114509,0.103725,
1.130000,57.885586,1.66971,-0.300979,0.857542,-0.458306,0.189798,0.207736,0.202345,0.0968406,0.0843857,0.0513518,0.0370538,0.0798528,0.114693,0.103843,
1.135000,57.867391,1.67019,-0.300557,0.857798,-0.458121,0.190198,0.20831,0.202864,0.0969158,0.0844106,0.0512513,0.0368627,0.0798435,0.114877,0.103961,
1.140000,57.849193,1.67068,-0.300135,0.858054,-0.457937,0.190597,0.208885,0.203384,0.0969909,0.0844355,0.0511509,0.0366714,0.079834,0.115062,0.10408,
1.145000,57.830992,1.67116,-0.299713,0.85831,-0.457755,0.190996,0.20946,0.203905,0.097066,0.0844604,0.0510506,0.0364801,0.0798245,0.115246,0.104198,
1.150000,57.812790,1.67165,-0.299291,0.858565,-0.457573,0.191395,0.210037,0.204426,0.0971411,0.0844854,0.0509505,0.0362888,0.0798148,0.115431,0.104317,
1.155000,57.794584,1.67213,-0.298868,0.858819,-0.457392,0.191794,0.210615,0.204948,0.097216,0.0845103,0.0508505,0.0360973,0.079805,0.115616,0.104435,
1.160000,57.776377,1.67262,-0.298445,0.859073,-0.457212,0.192193,0.211193,0.20547,0.097291,0.0845352,0.0507507,0.0359058,0.0797952,0.115801,0.104554,
1.165000,57.758167,1.67311,-0.298023,0.859327,-0.457033,0.192592,0.211773,0.205994,0.0973659,0.0845602,0.0506511,0.0357142,0.0797852,0.115986,0.104673,
1.170000,57.739955,1.67359,-0.2976,0.85958,-0.456855,0.192991,0.212353,0.206517,0.0974407,0.0845851,0.0505516,0.0355226,0.0797751,0.116172,0.104792,
1.175000,57.721740,1.67408,-0.297177,0.859832,-0.456677,0.19339,0.212935,0.207041,0.0975155,0.08461,0.0504522,0.0353309,0.0797649,0.116358,0.10491,
1.180000,57.703523,1.67457,-0.296754,0.860084,-0.456501,0.193789,0.213517,0.207566,0.0975902,0.084635,0.050353,0.0351391,0.0797546,0.116544,0.105029,
1.185000,57.685304,1.67506,-0.296331,0.860336,-0.456326,0.194187,0.2141,0.208092,0.0976649,0.0846599,0.0502539,0.0349472,0.0797442,0.11673,0.105148,
1.190000,57.667082,1.67555,-0.295907,0.860587,-0.456152,0.194586,0.214684,0.208618,0.0977395,0.0846849,0.050155,0.0347553,0.0797337,0.116916,0.105267,
1.195000,57.648859,1.67603,-0.295484,0.860837,-0.455978,0.194985,0.215269,0.209144,0.0978141,0.0847098,0.0500562,0.0345633,0.079723,0.117103,0.105386,
1.200000,57.630632,1.67652,-0.29506,0.861087,-0.455806,0.195383,0.215855,0.209672,0.0978886,0.0847348,0.0499576,0.0343713,0.0797123,0.11729,0.105505,
1.205000,57.612404,1.67701,-0.294636,0.861337,-0.455635,0.195782,0.216442,0.210199,0.0979631,0.0847598,0.0498591,0.0341791,0.0797015,0.117477,0.105625,
1.210000,57.594173,1.6775,-0.294212,0.861586,-0.455464,0.19618,0.21703,0.210728,0.0980375,0.0847847,0.0497608,0.033987,0.0796906,0.117665,0.105744,
1.215000,57.575940,1.67799,-0.293789,0.861834,-0.455295,0.196579,0.217619,0.211257,0.0981118,0.0848097,0.0496626,0.0337947,0.0796796,0.117852,0.105863,
1.220000,57.557705,1.67848,-0.293364,0.862083,-0.455126,0.196977,0.218208,0.211787,0.0981861,0.0848347,0.0495645,0.0336024,0.0796684,0.11804,0.105982,
1.225000,57.539467,1.67898,-0.29294,0.86233,-0.454959,0.197375,0.218799,0.212317,0.0982604,0.0848596,0.0494666,0.03341,0.0796572,0.118228,0.106102,
1.230000,57.521227,1.67947,-0.292516,0.862577,-0.454792,0.197774,0.219391,0.212848,0.0983346,0.0848846,0.0493688,0.0332175,0.0796459,0.118416,0.106221,
1.235000,57.502985,1.67996,-0.292091,0.862824,-0.454627,0.198172,0.219983,0.213379,0.0984087,0.0849096,0.0492712,0.0330249,0.0796344,0.118605,0.106341,
1.240000,57.484741,1.68045,-0.291667,0.86307,-0.454462,0.19857,0.220577,0.213911,0.0984828,0.0849346,0.0491738,0.0328323,0.0796229,0.118793,0.10646,
1.245000,57.466494,1.68094,-0.291242,0.863316,-0.454298,0.198968,0.221171,0.214444,0.0985569,0.0849596,0.0490764,0.0326396,0.0796113,0.118982,0.10658,
1.250000,57.448246,1.68144,-0.290817,0.863561,-0.454136,0.199366,0.221767,0.214977,0.0986309,0.0849846,0.0489792,0.0324469,0.0795995,0.119171,0.106699,
1.255000,57.429994,1.68193,-0.290392,0.863805,-0.453974,0.199764,0.222363,0.215511,0.0987048,0.0850096,0.0488822,0.0322541,0.0795877,0.119361,0.106819,
1.260000,57.411741,1.68242,-0.289967,0.864049,-0.453813,0.200162,0.22296,0.216045,0.0987787,0.0850346,0.0487853,0.0320612,0.0795758,0.11955,0.106939,
1.265000,57.393486,1.68292,-0.289542,0.864293,-0.453653,0.20056,0.223558,0.21658,0.0988525,0.0850596,0.0486885,0.0318682,0.0795638,0.11974,0.107059,
1.270000,57.375228,1.68341,-0.289116,0.864536,-0.453494,0.200958,0.224158,0.217116,0.0989263,0.0850847,0.0485919,0.0316752,0.0795516,0.11993,0.107178,
1.275000,57.356968,1.68391,-0.288691,0.864779,-0.453336,0.201355,0.224758,0.217652,0.099,0.0851097,0.0484954,0.0314821,0.0795394,0.12012,0.107298,
1.280000,57.338706,1.6844,-0.288265,0.865021,-0.45318,0.201753,0.225359,0.218189,0.0990737,0.0851347,0.0483991,0.0312889,0.0795271,0.120311,0.107418,
1.285000,57.320442,1.6849,-0.28784,0.865263,-0.453024,0.202151,0.225961,0.218726,0.0991473,0.0851598,0.0483029,0.0310956,0.0795146,0.120502,0.107538,
1.290000,57.302175,1.68539,-0.287414,0.865504,-0.452869,0.202548,0.226564,0.219264,0.0992209,0.0851848,0.0482068,0.0309023,0.0795021,0.120692,0.107658,
1.295000,57.283907,1.68589,-0.286988,0.865745,-0.452715,0.202946,0.227168,0.219802,0.0992944,0.0852099,0.0481109,0.0307089,0.0794895,0.120884,0.107779,
1.300000,57.265636,1.68639,-0.286562,0.865985,-0.452562,0.203343,0.227773,0.220342,0.0993679,0.0852349,0.0480151,0.0305155,0.0794768,0.121075,0.107899,
1.305000,57.247363,1.68688,-0.286135,0.866225,-0.452409,0.20374,0.228378,0.220881,0.0994413,0.08526,0.0479195,0.0303219,0.079464,0.121267,0.108019,
1.310000,57.229088,1.68738,-0.285709,0.866465,-0.452258,0.204138,0.228985,0.221422,0.0995147,0.0852851,0.047824,0.0301283,0.0794511,0.121458,0.108139,
1.315000,57.210811,1.68788,-0.285283,0.866704,-0.452108,0.204535,0.229593,0.221963,0.099588,0.0853102,0.0477286,0.0299347,0.0794381,0.12165,0.108259,
1.320000,57.192532,1.68838,-0.284856,0.866942,-0.451959,0.204932,0.230202,0.222504,0.0996612,0.0853352,0.0476334,0.0297409,0.079425,0.121843,0.10838,
1.325000,57.174250,1.68888,-0.284429,0.86718,-0.451811,0.205329,0.230811,0.223047,0.0997344,0.0853603,0.0475383,0.0295471,0.0794118,0.122035,0.1085,
1.330000,57.155967,1.68937,-0.284002,0.867417,-0.451663,0.205726,0.231422,0.223589,0.0998076,0.0853854,0.0474434,0.0293532,0.0793985,0.122228,0.108621,
1.335000,57.137681,1.68987,-0.283575,0.867654,-0.451517,0.206123,0.232034,0.224133,0.0998807,0.0854105,0.0473485,0.0291592,0.0793851,0.122421,0.108741,
1.340000,57.119393,1.69037,-0.283148,0.867891,-0.451372,0.20652,0.232646,0.224677,0.0999537,0.0854357,0.0472539,0.0289652,0.0793716,0.122614,0.108862,
1.345000,57.101103,1.69087,-0.282721,0.868127,-0.451228,0.206917,0.23326,0.225221,0.100027,0.0854608,0.0471593,0.0287711,0.0793581,0.122807,0.108982,
1.350000,57.082811,1.69137,-0.282294,0.868362,-0.451084,0.207314,0.233874,0.225767,0.1001,0.0854859,0.0470649,0.0285769,0.0793444,0.123001,0.109103,
1.355000,57.064517,1.69187,-0.281866,0.868598,-0.450942,0.20771,0.23449,0.226313,0.100173,0.085511,0.0469706,0.0283826,0.0793307,0.123195,0.109224,
1.360000,57.046221,1.69237,-0.281438,0.868832,-0.4508,0.208107,0.235106,0.226859,0.100245,0.0855362,0.0468765,0.0281883,0.0793168,0.123389,0.109345,
1.365000,57.027923,1.69288,-0.281011,0.869066,-0.45066,0.208504,0.235724,0.227406,0.100318,0.0855613,0.0467825,0.0279939,0.0793029,0.123583,0.109466,
1.370000,57.009622,1.69338,-0.280583,0.8693,-0.45052,0.2089,0.236342,0.227954,0.100391,0.0855865,0.0466886,0.0277994,0.0792888,0.123778,0.109586,
1.375000,56.991320,1.69388,-0.280155,0.869533,-0.450382,0.209296,0.236962,0.228502,0.100464,0.0856117,0.0465949,0.0276049,0.0792747,0.123973,0.109707,
1.380000,56.973016,1.69438,-0.279727,0.869766,-0.450244,0.209693,0.237582,0.229051,0.100536,0.0856368,0.0465013,0.0274102,0.0792605,0.124167,0.109828,
1.385000,56.954709,1.69489,-0.279299,0.869998,-0.450108,0.210089,0.238203,0.2296,0.100609,0.085662,0.0464078,0.0272155,0.0792462,0.124363,0.109949,
1.390000,56.936401,1.69539,-0.27887,0.87023,-0.449972,0.210485,0.238826,0.23015,0.100681,0.0856872,0.0463144,0.0270208,0.0792318,0.124558,0.110071,
1.395000,56.918090,1.69589,-0.278442,0.870461,-0.449838,0.210881,0.239449,0.230701,0.100754,0.0857124,0.0462212,0.0268259,0.0792173,0.124754,0.110192,
1.400000,56.899777,1.6964,-0.278013,0.870692,-0.449704,0.211277,0.240073,0.231252,0.100826,0.0857376,0.0461282,0.026631,0.0792027,0.12495,0.110313,
1.405000,56.881463,1.6969,-0.277584,0.870923,-0.449571,0.211673,0.240698,0.231804,0.100899,0.0857628,0.0460352,0.026436,0.079188,0.125146,0.110434,
1.410000,56.863146,1.69741,-0.277155,0.871153,-0.44944,0.212069,0.241325,0.232356,0.100971,0.0857881,0.0459424,0.0262409,0.0791733,0.125342,0.110555,
1.415000,56.844828,1.69791,-0.276726,0.871382,-0.449309,0.212465,0.241952,0.23291,0.101043,0.0858133,0.0458497,0.0260458,0.0791584,0.125539,0.110677,
1.420000,56.826507,1.69842,-0.276297,0.871611,-0.449179,0.212861,0.24258,0.233463,0.101115,0.0858386,0.0457572,0.0258506,0.0791435,0.125736,0.110798,
1.425000,56.808184,1.69892,-0.275868,0.87184,-0.44905,0.213257,0.243209,0.234017,0.101188,0.0858638,0.0456648,0.0256553,0.0791285,0.125933,0.11092,
1.430000,56.789860,1.69943,-0.275439,0.872068,-0.448923,0.213652,0.243839,0.234572,0.10126,0.0858891,0.0455725,0.0254599,0.0791134,0.12613,0.111041,
1.435000,56.771533,1.69993,-0.275009,0.872295,-0.448796,0.214048,0.24447,0.235128,0.101332,0.0859144,0.0454803,0.0252644,0.0790982,0.126327,0.111163,
1.440000,56.753204,1.70044,-0.274579,0.872522,-0.44867,0.214443,0.245103,0.235684,0.101404,0.0859396,0.0453883,0.0250689,0.0790829,0.126525,0.111284,
1.445000,56.734874,1.70095,-0.27415,0.872749,-0.448545,0.214839,0.245736,0.236241,0.101476,0.0859649,0.0452964,0.0248733,0.0790675,0.126723,0.111406,
1.450000,56.716541,1.70146,-0.27372,0.872975,-0.448421,0.215234,0.24637,0.236798,0.101548,0.0859902,0.0452046,0.0246776,0.079052,0.126921,0.111528,
1.455000,56.698207,1.70196,-0.27329,0.873201,-0.448298,0.215629,0.247005,0.237356,0.10162,0.0860156,0.0451129,0.0244819,0.0790365,0.12712,0.11165,
1.460000,56.679870,1.70247,-0.27286,0.873427,-0.448176,0.216024,0.247641,0.237915,0.101691,0.0860409,0.0450214,0.0242861,0.0790208,0.127318,0.111771,
1.465000,56.661532,1.70298,-0.272429,0.873651,-0.448055,0.216419,0.248278,0.238474,0.101763,0.0860662,0.04493,0.0240902,0.0790051,0.127517,0.111893,
1.470000,56.643192,1.70349,-0.271999,0.873876,-0.447935,0.216814,0.248916,0.239034,0.101835,0.0860916,0.0448388,0.0238942,0.0789893,0.127716,0.112015,
1.475000,56.624849,1.704,-0.271568,0.8741,-0.447816,0.217209,0.249555,0.239594,0.101906,0.0861169,0.0447476,0.0236981,0.0789734,0.127916,0.112137,
1.480000,56.606505,1.70451,-0.271138,0.874323,-0.447698,0.217604,0.250195,0.240155,0.101978,0.0861423,0.0446566,0.023502,0.0789574,0.128115,0.112259,
1.485000,56.588159,1.70502,-0.270707,0.874546,-0.447581,0.217999,0.250836,0.240716,0.10205,0.0861676,0.0445657,0.0233058,0.0789414,0.128315,0.112381,
1.490000,56.569811,1.70553,-0.270276,0.874769,-0.447465,0.218393,0.251478,0.241279,0.102121,0.086193,0.044475,0.0231095,0.0789252,0.128515,0.112504,
1.495000,56.551461,1.70604,-0.269845,0.874991,-0.44735,0.218788,0.252122,0.241842,0.102193,0.0862184,0.0443843,0.0229131,0.078909,0.128715,0.112626,
1.500000,56.533109,1.70655,-0.269414,0.875213,-0.447236,0.219182,0.252766,0.242405,0.102264,0.0862438,0.0442938,0.0227167,0.0788927,0.128916,0.112748,
1.505000,56.514755,1.70706,-0.268983,0.875434,-0.447123,0.219577,0.253411,0.242969,0.102335,0.0862693,0.0442034,0.0225202,0.0788763,0.129117,0.11287,
1.510000,56.496400,1.70757,-0.268551,0.875655,-0.447011,0.219971,0.254057,0.243534,0.102407,0.0862947,0.0441132,0.0223236,0.0788598,0.129318,0.112993,
1.515000,56.478042,1.70809,-0.26812,0.875875,-0.4469,0.220366,0.254704,0.244099,0.102478,0.0863201,0.044023,0.0221269,0.0788432,0.129519,0.113115,
1.520000,56.459683,1.7086,-0.267688,0.876095,-0.44679,0.22076,0.255352,0.244665,0.102549,0.0863456,0.043933,0.0219301,0.0788266,0.12972,0.113237,
1.525000,56.441322,1.70911,-0.267256,0.876315,-0.446681,0.221154,0.256001,0.245231,0.10262,0.0863711,0.0438431,0.0217333,0.0788098,0.129922,0.11336,
1.530000,56.422958,1.70963,-0.266824,0.876534,-0.446573,0.221548,0.256651,0.245798,0.102691,0.0863965,0.0437534,0.0215364,0.078793,0.130124,0.113482,
1.535000,56.404593,1.71014,-0.266392,0.876752,-0.446465,0.221942,0.257302,0.246366,0.102762,0.086422,0.0436637,0.0213394,0.0787761,0.130326,0.113605,
1.540000,56.386227,1.71065,-0.26596,0.87697,-0.446359,0.222336,0.257954,0.246934,0.102833,0.0864475,0.0435742,0.0211423,0.0787592,0.130528,0.113728,
1.545000,56.367858,1.71117,-0.265528,0.877188,-0.446254,0.222729,0.258608,0.247503,0.102904,0.086473,0.0434848,0.0209452,0.0787421,0.130731,0.11385,
1.550000,56.349487,1.71168,-0.265095,0.877405,-0.44615,0.223123,0.259262,0.248073,0.102975,0.0864986,0.0433955,0.020748,0.078725,0.130934,0.113973,
1.555000,56.331115,1.7122,-0.264663,0.877622,-0.446046,0.223517,0.259917,0.248643,0.103046,0.0865241,0.0433063,0.0205507,0.0787077,0.131137,0.114096,
1.560000,56.312741,1.71271,-0.26423,0.877838,-0.445944,0.22391,0.260573,0.249214,0.103117,0.0865496,0.0432173,0.0203533,0.0786904,0.13134,0.114219,
1.565000,56.294365,1.71323,-0.263797,0.878054,-0.445843,0.224303,0.26123,0.249785,0.103187,0.0865752,0.0431284,0.0201558,0.0786731,0.131544,0.114342,
1.570000,56.275987,1.71374,-0.263364,0.878269,-0.445743,0.224697,0.261889,0.250357,0.103258,0.0866008,0.0430396,0.0199583,0.0786556,0.131748,0.114465,
1.575000,56.257607,1.71426,-0.262931,0.878484,-0.445643,0.22509,0.262548,0.25093,0.103329,0.0866264,0.0429509,0.0197607,0.0786381,0.131952,0.114588,
1.580000,56.239225,1.71478,-0.262498,0.878699,-0.445545,0.225483,0.263208,0.251503,0.103399,0.086652,0.0428623,0.019563,0.0786205,0.132156,0.114711,
1.585000,56.220842,1.71529,-0.262065,0.878913,-0.445448,0.225876,0.263869,0.252077,0.10347,0.0866776,0.0427739,0.0193652,0.0786028,0.13236,0.114834,
1.590000,56.202457,1.71581,-0.261631,0.879127,-0.445351,0.226269,0.264532,0.252652,0.10354,0.0867032,0.0426856,0.0191673,0.078585,0.132565,0.114957,
1.595000,56.184070,1.71633,-0.261198,0.87934,-0.445256,0.226662,0.265195,0.253227,0.103611,0.0867288,0.0425974,0.0189694,0.0785671,0.13277,0.11508,
1.600000,56.165681,1.71685,-0.260764,0.879553,-0.445162,0.227055,0.265859,0.253802,0.103681,0.0867545,0.0425093,0.0187714,0.0785492,0.132975,0.115203,
1.605000,56.147291,1.71737,-0.26033,0.879765,-0.445068,0.227448,0.266525,0.254379,0.103751,0.0867801,0.0424213,0.0185733,0.0785312,0.133181,0.115327,
1.610000,56.128899,1.71789,-0.259896,0.879977,-0.444976,0.22784,0.267191,0.254956,0.103822,0.0868058,0.0423335,0.0183751,0.0785131,0.133386,0.11545,
1.615000,56.110505,1.71841,-0.259462,0.880188,-0.444885,0.228233,0.267859,0.255533,0.103892,0.0868315,0.0422457,0.0181768,0.078495,0.133592,0.115574,
1.620000,56.092109,1.71892,-0.259028,0.880399,-0.444794,0.228625,0.268527,0.256111,0.103962,0.0868572,0.0421581,0.0179785,0.0784767,0.133799,0.115697,
1.625000,56.073711,1.71944,-0.258594,0.88061,-0.444705,0.229017,0.269197,0.25669,0.104032,0.0868829,0.0420706,0.01778,0.0784584,0.134005,0.115821,
1.630000,56.055312,1.71996,-0.258159,0.88082,-0.444616,0.22941,0.269867,0.25727,0.104102,0.0869087,0.0419832,0.0175815,0.07844,0.134212,0.115944,
1.635000,56.036911,1.72049,-0.257725,0.88103,-0.444529,0.229802,0.270539,0.25785,0.104172,0.0869344,0.041896,0.0173829,0.0784216,0.134418,0.116068,
1.640000,56.018508,1.72101,-0.25729,0.881239,-0.444443,0.230194,0.271211,0.25843,0.104242,0.0869602,0.0418088,0.0171843,0.078403,0.134626,0.116191,
1.645000,56.000103,1.72153,-0.256855,0.881448,-0.444357,0.230586,0.271885,0.259012,0.104312,0.0869859,0.0417218,0.0169855,0.0783844,0.134833,0.116315,
1.650000,55.981697,1.72205,-0.25642,0.881656,-0.444273,0.230978,0.27256,0.259593,0.104382,0.0870117,0.0416348,0.0167867,0.0783657,0.13504,0.116439,
1.655000,55.963289,1.72257,-0.255985,0.881864,-0.444189,0.23137,0.273235,0.260176,0.104452,0.0870375,0.041548,0.0165878,0.078347,0.135248,0.116563,
1.660000,55.944880,1.72309,-0.25555,0.882072,-0.444107,0.231761,0.273912,0.260759,0.104522,0.0870633,0.0414613,0.0163888,0.0783281,0.135456,0.116686,
1.665000,55.926468,1.72362,-0.255114,0.882279,-0.444025,0.232153,0.27459,0.261343,0.104591,0.0870892,0.0413748,0.0161897,0.0783092,0.135665,0.11681,
1.670000,55.908055,1.72414,-0.254679,0.882485,-0.443945,0.232544,0.275269,0.261927,0.104661,0.087115,0.0412883,0.0159905,0.0782902,0.135873,0.116934,
1.675000,55.889640,1.72466,-0.254243,0.882692,-0.443865,0.232936,0.275949,0.262512,0.104731,0.0871409,0.0412019,0.0157913,0.0782712,0.136082,0.117058,
1.680000,55.871224,1.72519,-0.253807,0.882897,-0.443787,0.233327,0.27663,0.263098,0.1048,0.0871668,0.0411157,0.0155919,0.0782521,0.136291,0.117182,
1.685000,55.852805,1.72571,-0.253371,0.883103,-0.44371,0.233718,0.277312,0.263684,0.10487,0.0871926,0.0410296,0.0153925,0.0782329,0.1365,0.117307,
1.690000,55.834385,1.72624,-0.252935,0.883308,-0.443633,0.234109,0.277995,0.264271,0.104939,0.0872185,0.0409435,0.015193,0.0782136,0.13671,0.117431,
1.695000,55.815964,1.72676,-0.252499,0.883512,-0.443558,0.2345,0.278679,0.264858,0.105008,0.0872445,0.0408576,0.0149934,0.0781942,0.13692,0.117555,
1.700000,55.797540,1.72729,-0.252063,0.883716,-0.443483,0.234891,0.279364,0.265446,0.105078,0.0872704,0.0407718,0.0147938,0.0781748,0.137129,0.117679,
1.705000,55.779116,1.72781,-0.251626,0.88392,-0.44341,0.235282,0.28005,0.266035,0.105147,0.0872963,0.0406861,0.014594,0.0781553,0.13734,0.117803,
1.710000,55.760689,1.72834,-0.25119,0.884123,-0.443337,0.235673,0.280737,0.266624,0.105216,0.0873223,0.0406006,0.0143942,0.0781358,0.13755,0.117928,
1.715000,55.742261,1.72886,-0.250753,0.884326,-0.443266,0.236063,0.281426,0.267214,0.105286,0.0873483,0.0405151,0.0141943,0.0781161,0.137761,0.118052,
1.720000,55.723831,1.72939,-0.250316,0.884528,-0.443195,0.236454,0.282115,0.267805,0.105355,0.0873743,0.0404297,0.0139943,0.0780964,0.137972,0.118177,
1.725000,55.705399,1.72992,-0.24988,0.88473,-0.443126,0.236844,0.282805,0.268396,0.105424,0.0874003,0.0403445,0.0137942,0.0780767,0.138183,0.118301,
1.730000,55.686966,1.73044,-0.249442,0.884932,-0.443057,0.237235,0.283497,0.268988,0.105493,0.0874263,0.0402594,0.013594,0.0780568,0.138394,0.118426,
1.735000,55.668531,1.73097,-0.249005,0.885133,-0.44299,0.237625,0.284189,0.26958,0.105562,0.0874524,0.0401743,0.0133938,0.0780369,0.138606,0.11855,
1.740000,55.650094,1.7315,-0.248568,0.885333,-0.442923,0.238015,0.284883,0.270173,0.105631,0.0874784,0.0400894,0.0131934,0.0780169,0.138818,0.118675,
1.745000,55.631656,1.73203,-0.24813,0.885534,-0.442858,0.238405,0.285577,0.270767,0.1057,0.0875045,0.0400046,0.012993,0.0779969,0.13903,0.1188,
1.750000,55.613217,1.73256,-0.247693,0.885734,-0.442793,0.238795,0.286273,0.271361,0.105769,0.0875306,0.0399199,0.0127925,0.0779768,0.139243,0.118924,
1.755000,55.594775,1.73309,-0.247255,0.885933,-0.44273,0.239185,0.28697,0.271956,0.105837,0.0875567,0.0398353,0.0125919,0.0779566,0.139455,0.119049,
1.760000,55.576332,1.73362,-0.246817,0.886132,-0.442667,0.239575,0.287668,0.272552,0.105906,0.0875828,0.0397508,0.0123912,0.0779363,0.139668,0.119174,
1.765000,55.557888,1.73415,-0.246379,0.88633,-0.442606,0.239964,0.288366,0.273148,0.105975,0.087609,0.0396664,0.0121904,0.077916,0.139881,0.119299,
1.770000,55.539441,1.73468,-0.245941,0.886529,-0.442546,0.240354,0.289066,0.273745,0.106044,0.0876351,0.0395821,0.0119896,0.0778956,0.140095,0.119424,
1.775000,55.520994,1.73521,-0.245503,0.886726,-0.442486,0.240743,0.289767,0.274342,0.106112,0.0876613,0.039498,0.0117886,0.0778752,0.140308,0.119549,
1.780000,55.502544,1.73574,-0.245065,0.886924,-0.442428,0.241133,0.290469,0.27494,0.106181,0.0876875,0.0394139,0.0115876,0.0778546,0.140522,0.119674,
1.785000,55.484093,1.73627,-0.244626,0.88712,-0.44237,0.241522,0.291173,0.275539,0.106249,0.0877137,0.03933,0.0113865,0.077834,0.140736,0.119799,
1.790000,55.465641,1.7368,-0.244187,0.887317,-0.442314,0.241911,0.291877,0.276138,0.106318,0.0877399,0.0392461,0.0111853,0.0778134,0.140951,0.119924,
1.795000,55.447186,1.73733,-0.243749,0.887513,-0.442258,0.2423,0.292582,0.276738,0.106386,0.0877662,0.0391624,0.010984,0.0777927,0.141165,0.120049,
1.800000,55.428731,1.73786,-0.24331,0.887708,-0.442204,0.242689,0.293288,0.277339,0.106454,0.0877924,0.0390787,0.0107826,0.0777719,0.14138,0.120174,
1.805000,55.410273,1.7384,-0.242871,0.887904,-0.442151,0.243078,0.293996,0.27794,0.106523,0.0878187,0.0389952,0.0105812,0.077751,0.141595,0.1203,
1.810000,55.391815,1.73893,-0.242432,0.888098,-0.442098,0.243466,0.294704,0.278542,0.106591,0.087845,0.0389117,0.0103796,0.0777301,0.14181,0.120425,
1.815000,55.373354,1.73946,-0.241992,0.888293,-0.442047,0.243855,0.295414,0.279144,0.106659,0.0878713,0.0388284,0.010178,0.0777091,0.142026,0.12055,
1.820000,55.354892,1.73999,-0.241553,0.888487,-0.441996,0.244243,0.296125,0.279747,0.106727,0.0878976,0.0387452,0.00997625,0.0776881,0.142242,0.120676,
1.825000,55.336429,1.74053,-0.241113,0.88868,-0.441947,0.244632,0.296836,0.280351,0.106795,0.087924,0.0386621,0.00977444,0.0776669,0.142458,0.120801,
1.830000,55.317964,1.74106,-0.240674,0.888873,-0.441899,0.24502,0.297549,0.280955,0.106864,0.0879503,0.038579,0.00957254,0.0776458,0.142674,0.120927,
1.835000,55.299497,1.7416,-0.240234,0.889066,-0.441851,0.245408,0.298263,0.28156,0.106932,0.0879767,0.0384961,0.00937055,0.0776245,0.142891,0.121052,
1.840000,55.281029,1.74213,-0.239794,0.889258,-0.441805,0.245796,0.298978,0.282166,0.106999,0.0880031,0.0384133,0.00916847,0.0776032,0.143108,0.121178,
1.845000,55.262559,1.74267,-0.239354,0.88945,-0.44176,0.246184,0.299694,0.282772,0.107067,0.0880295,0.0383306,0.00896631,0.0775819,0.143325,0.121304,
1.850000,55.244088,1.7432,-0.238914,0.889642,-0.441715,0.246572,0.300411,0.283379,0.107135,0.0880559,0.038248,0.00876405,0.0775604,0.143542,0.121429,
1.855000,55.225616,1.74374,-0.238473,0.889833,-0.441672,0.24696,0.30113,0.283986,0.107203,0.0880824,0.0381654,0.00856171,0.0775389,0.143759,0.121555,
1.860000,55.207141,1.74427,-0.238033,0.890023,-0.44163,0.247348,0.301849,0.284594,0.107271,0.0881089,0.038083,0.00835928,0.0775174,0.143977,0.121681,
1.865000,55.188666,1.74481,-0.237592,0.890213,-0.441588,0.247735,0.302569,0.285203,0.107339,0.0881353,0.0380007,0.00815676,0.0774957,0.144195,0.121807,
1.870000,55.170188,1.74535,-0.237151,0.890403,-0.441548,0.248123,0.303291,0.285813,0.107406,0.0881618,0.0379185,0.00795414,0.0774741,0.144414,0.121933,
1.875000,55.151710,1.74589,-0.236711,0.890593,-0.441509,0.24851,0.304014,0.286423,0.107474,0.0881884,0.0378364,0.00775144,0.0774523,0.144632,0.122059,
1.880000,55.133230,1.74642,-0.23627,0.890782,-0.441471,0.248897,0.304737,0.287033,0.107541,0.0882149,0.0377544,0.00754865,0.0774305,0.144851,0.122185,
1.885000,55.114748,1.74696,-0.235828,0.89097,-0.441433,0.249284,0.305462,0.287644,0.107609,0.0882415,0.0376724,0.00734577,0.0774087,0.14507,0.122311,
1.890000,55.096265,1.7475,-0.235387,0.891158,-0.441397,0.249671,0.306188,0.288256,0.107676,0.0882681,0.0375906,0.0071428,0.0773867,0.145289,0.122437,
1.895000,55.077780,1.74804,-0.234946,0.891346,-0.441362,0.250058,0.306915,0.288869,0.107744,0.0882947,0.0375089,0.00693974,0.0773647,0.145509,0.122563,
1.900000,55.059294,1.74858,-0.234504,0.891533,-0.441328,0.250445,0.307643,0.289482,0.107811,0.0883213,0.0374273,0.00673659,0.0773427,0.145729,0.122689,
1.905000,55.040806,1.74912,-0.234063,0.89172,-0.441295,0.250831,0.308372,0.290096,0.107878,0.0883479,0.0373458,0.00653335,0.0773206,0.145949,0.122815,
1.910000,55.022317,1.74966,-0.233621,0.891907,-0.441262,0.251218,0.309103,0.29071,0.107946,0.0883746,0.0372643,0.00633002,0.0772984,0.146169,0.122942,
1.915000,55.003827,1.7502,-0.233179,0.892093,-0.441231,0.251604,0.309834,0.291325,0.108013,0.0884012,0.037183,0.0061266,0.0772762,0.146389,0.123068,
1.920000,54.985335,1.75074,-0.232737,0.892279,-0.441201,0.251991,0.310566,0.291941,0.10808,0.0884279,0.0371018,0.00592308,0.0772539,0.14661,0.123194,
1.925000,54.966842,1.75128,-0.232294,0.892464,-0.441172,0.252377,0.3113,0.292557,0.108147,0.0884546,0.0370206,0.00571948,0.0772316,0.146831,0.123321,
1.930000,54.948347,1.75182,-0.231852,0.892649,-0.441144,0.252763,0.312035,0.293174,0.108214,0.0884814,0.0369396,0.00551578,0.0772092,0.147052,0.123447,
1.935000,54.929850,1.75236,-0.23141,0.892833,-0.441117,0.253149,0.312771,0.293791,0.108281,0.0885081,0.0368587,0.00531199,0.0771867,0.147274,0.123574,
1.940000,54.911353,1.7529,-0.230967,0.893017,-0.441091,0.253535,0.313508,0.29441,0.108348,0.0885349,0.0367778,0.00510811,0.0771642,0.147496,0.1237,
1.945000,54.892854,1.75344,-0.230524,0.893201,-0.441066,0.253921,0.314246,0.295028,0.108415,0.0885617,0.036697,0.00490414,0.0771416,0.147718,0.123827,
1.950000,54.874353,1.75398,-0.230081,0.893384,-0.441042,0.254306,0.314985,0.295648,0.108482,0.0885885,0.0366164,0.00470007,0.077119,0.14794,0.123953,
1.955000,54.855851,1.75453,-0.229638,0.893567,-0.441019,0.254692,0.315725,0.296268,0.108549,0.0886153,0.0365358,0.00449592,0.0770963,0.148163,0.12408,
1.960000,54.837348,1.75507,-0.229195,0.89375,-0.440997,0.255077,0.316466,0.296889,0.108615,0.0886422,0.0364554,0.00429167,0.0770735,0.148385,0.124207,
1.965000,54.818843,1.75561,-0.228752,0.893932,-0.440976,0.255463,0.317209,0.29751,0.108682,0.088669,0.036375,0.00408732,0.0770507,0.148608,0.124334,
1.970000,54.800337,1.75616,-0.228309,0.894114,-0.440956,0.255848,0.317952,0.298132,0.108749,0.0886959,0.0362947,0.00388289,0.0770279,0.148832,0.12446,
1.975000,54.781829,1.7567,-0.227865,0.894295,-0.440937,0.256233,0.318697,0.298755,0.108815,0.0887228,0.0362145,0.00367836,0.077005,0.149055,0.124587,
1.980000,54.763320,1.75724,-0.227421,0.894476,-0.440919,0.256618,0.319443,0.299378,0.108882,0.0887498,0.0361344,0.00347374,0.076982,0.149279,0.124714,
1.985000,54.744810,1.75779,-0.226978,0.894656,-0.440902,0.257003,0.32019,0.300002,0.108949,0.0887767,0.0360544,0.00326903,0.076959,0.149503,0.124841,
1.990000,54.726298,1.75833,-0.226534,0.894836,-0.440886,0.257387,0.320938,0.300626,0.109015,0.0888037,0.0359745,0.00306422,0.0769359,0.149727,0.124968,
1.995000,54.707785,1.75888,-0.22609,0.895016,-0.440872,0.257772,0.321687,0.301251,0.109081,0.0888307,0.0358947,0.00285932,0.0769127,0.149952,0.125095,
2.000000,54.689270,1.75942,-0.225645,0.895195,-0.440858,0.258157,0.322438,0.301877,0.109148,0.0888577,0.0358149,0.00265432,0.0768895,0.150177,0.125222,
2.005000,54.670754,1.75997,-0.225201,0.895374,-0.440845,0.258541,0.323189,0.302504,0.109214,0.0888847,0.0357353,0.00244923,0.0768663,0.150402,0.125349,
